Ticker,
SCHB,
SCHX,
SCHG,
SCHV,
SCHD,
SCHM,
SCHA,
SCHH,
SCHF,
SCHC,
SCHE,
SCHZ,
SCHP,
SCHO,
SCHR,
FNDX,
FNDF,
FNDA,
FNDE,
FNDC,
FNDB,
DBEZ,
DBAW,
DBGR,
HYIH,
RVNU,
DESC,
DBUK,
HYLB,
DBAP,
IFIX,
HDAW,
DBEF,
ASHX,
DBKO,
IGVT,
DBEM,
CN,
DBBR,
DBSE,
DEMG,
HDEF,
DBES,
ASHS,
DEUS,
JPN,
DBMX,
ASHR,
DBIT,
DEEF,
IGIH,
DBEU,
EMIH,
DBJP,
TILT,
TLTD,
TLTE,
TLDH,
TLEH,
QLC,
ESG,
ESGG,
GUNR,
NFRA,
GQRE,
ASET,
QDF,
QDEF,
QDYN,
IQDF,
IQDE,
IQDY,
TDTT,
TDTF,
MBSD,
SKOR,
LKOR,
BNDC,
RAVI,
FLMI,
FLIO,
FLCO,
FLMB,
FTSD,
FLLV,
FLQE,
FLQD,
FLQG,
FLQH,
FLQL,
FLQM,
FLQS,
SDIV,
LIT,
BOTZ,
MLPA,
DIV,
SIL,
GREK,
MLPX,
URA,
SPFF,
SOCL,
ARGT,
CHIQ,
NORW,
SCIU,
CATH,
GXG,
NGE,
PGAL,
SNSR,
COPX,
GURU,
PAK,
CHIX,
SRET,
GOEX,
KRMA,
GXF,
SCID,
FINX,
QQQC,
SCIJ,
EMFM,
YLCO,
PAVE,
SOIL,
ASEA,
SDEM,
ALTY,
MILN,
SCTO,
LNGR,
EFFE,
CHIM,
CHII,
SCIX,
BOSS,
PFFD,
BFIT,
EFAS,
CHIE,
GSLC,
GEM,
GBIL,
GSIE,
GIGB,
GHYB,
GVIP,
GSEU,
GSJY,
GSEW,
GSSC,
BSCH,
BSCI,
BSCJ,
BSCK,
BSCL,
BSCM,
BSCN,
BSCO,
BSCP,
BSCQ,
BSCR,
BSJH,
BSJI,
BSJJ,
BSJK,
BSJL,
BSJM,
BSJN,
BSJO,
BSJP,
GSY,
GTO,
CZA,
DJD,
WMCR,
WREI,
CQQQ,
EEB,
FRN,
HAO,
TAO,
YAO,
EWEM,
EWMC,
EWRE,
EWSC,
OEW,
RCD,
RGI,
RHS,
RSP,
RTM,
RYE,
RYF,
RYH,
RYT,
RYU,
CVY,
GHII,
HGI,
LVL,
RFG,
RFV,
RPG,
RPV,
RZG,
RZV,
CSD,
DEF,
GMFL,
NFO,
OVLC,
RYJ,
CGW,
CUT,
ENY,
SEA,
TAN,
XLG,
BKLN,
DBA,
DBB,
DBC,
DBE,
DGL,
DBO,
DBP,
DBS,
PDBC,
DBV,
UDN,
UUP,
LALT,
PBP,
PHDG,
PSP,
PSR,
KBWY,
PSMB,
PSMC,
PSMG,
PSMM,
ADRA,
ADRD,
ADRE,
ADRU,
PIZ,
PIE,
DWLV,
FXEP,
PXR,
IDLB,
PAF,
PXF,
PDN,
PXH,
PGJ,
PIN,
IPKW,
PID,
FXJP,
PBDM,
PBEE,
EELV,
EEMO,
IDHD,
IDLV,
IDMO,
IDHQ,
PPA,
PZD,
PYZ,
PEZ,
PSL,
PXI,
PFI,
PTH,
PRN,
PTF,
PUI,
PBE,
PKB,
PXE,
PBJ,
PEJ,
PBS,
PXQ,
PXJ,
PJP,
PMR,
PSI,
PSJ,
PAGG,
PBD,
PSAU,
PIO,
KBWB,
KBWP,
KBWR,
PNQI,
PSCD,
PSCC,
PSCE,
PSCF,
PSCH,
PSCI,
PSCT,
PSCM,
PSCU,
PHO,
PBW,
PUW,
PKW,
PCEF,
CNTR,
PDP,
DWAQ,
DWAS,
DWTR,
PFM,
PWB,
PWV,
PWC,
PRF,
PRFZ,
PGF,
PEY,
KBWD,
PGX,
PBUS,
PBSM,
QQQ,
USEQ,
EQAL,
USLB,
EQWS,
PXSG,
PXSV,
EQWM,
PXMG,
PXMV,
EQWL,
PXLG,
PXLV,
SPVU,
SPHB,
SPHD,
SPLV,
SPMV,
SPMO,
SPHQ,
SPVM,
XRLV,
XMLV,
XSHD,
XSLV,
XSHQ,
VRP,
PZI,
DSUM,
DWIN,
PCY,
PGHY,
PICB,
PLW,
PWZ,
PHB,
PFIG,
LDRI,
PZA,
PZT,
PBTP,
PBND,
BAB,
CLTL,
PVI,
VRIG,
NUAG,
NUBD,
NUSA,
NUSC,
NULV,
NUEM,
NUDM,
NULG,
NUMG,
NUMV,
NURE,
WYDE,
TOLZ,
EQRR,
PEX,
HDG,
HYHG,
RINF,
IGHG,
OILK,
CSM,
EFAD,
EMDV,
EUDV,
FUT,
MRGR,
ALTS,
RALS,
SMDV,
NOBL,
SPXE,
SPXN,
SPXV,
SPXT,
REGL,
TBF,
TBX,
SBM,
DOG,
EUFX,
YXI,
SEF,
SJB,
EFZ,
EUM,
MYY,
DDG,
PSQ,
REK,
RWM,
SH,
SBB,
EMSH,
SVXY,
UBT,
UST,
UYM,
UCO,
BOIL,
UGE,
UCC,
DDM,
ULE,
XPP,
UPV,
UYG,
UGL,
GDXX,
RXL,
UJB,
UXI,
UBR,
EFO,
EET,
EZJ,
MVV,
BIB,
DIG,
QLD,
URE,
UWM,
SSO,
USD,
AGQ,
SAA,
ROM,
LTL,
UPW,
UVXY,
YCL,
OILU,
OILD,
UDOW,
FINU,
UMDD,
UBIO,
TQQQ,
URTY,
UPRO,
TTT,
SDOW,
FINZ,
SMDD,
ZBIO,
SQQQ,
SRTY,
SPXU,
TBT,
PST,
CROC,
SMN,
SCO,
KOLD,
SZK,
SCC,
DXD,
EUO,
FXP,
EPV,
SKF,
GLL,
GDXS,
RXD,
SIJ,
BZQ,
EFU,
EEV,
EWV,
MZZ,
BIS,
DUG,
QID,
SRS,
TWM,
SDS,
SSG,
ZSL,
SDD,
REW,
SDP,
YCS,
VIXM,
VIXY,
CBND,
QCAN,
QEFA,
QEMM,
QDEU,
QJPN,
QGBR,
QUS,
QWLD,
ONEV,
ONEO,
ONEY,
MMTM,
VLU,
SPYB,
SPYD,
SDY,
EDIV,
WDIV,
DWX,
LGLV,
SMLV,
FEZ,
SMEZ,
DGT,
CWI,
ACIM,
XINA,
GXC,
GMF,
GMM,
EWX,
GWX,
GWL,
FEU,
XLY,
XLP,
XLE,
XLF,
XLV,
XLI,
XLB,
XLRE,
DIA,
XITK,
SYE,
SYG,
SYV,
XNTK,
ONEK,
TWOK,
THRK,
SMD,
MDYG,
MDYV,
SPY,
SPYG,
SPYV,
SLY,
SLYG,
SLYV,
XAR,
KBE,
XBI,
KCE,
XHE,
XHS,
XHB,
KIE,
XWEB,
XME,
MDY,
XES,
XOP,
XPH,
KRE,
XRT,
XSD,
XSW,
XTH,
XTL,
XTN,
XLK,
XLU,
GAL,
INKM,
RLY,
CWB,
PSK,
LOWC,
EFAX,
EEMX,
SPYX,
SHE,
RWO,
RWX,
RWR,
GLD,
GLDW,
GII,
GNR,
NANR,
SRLN,
TIPX,
BIL,
BNDS,
EBND,
JNK,
ITR,
ITE,
IBND,
BWX,
FLRN,
LWC,
TLO,
MBG,
SCPB,
SJNK,
BWZ,
SST,
IPE,
CJNK,
WIP,
DWFI,
EMTL,
STOT,
TOTL,
TFI,
SHM,
HYMB,
ULST,
AFK,
ANGL,
BBH,
BIZD,
BJK,
BRF,
CBON,
CNXT,
CRAK,
EGPT,
EMAG,
EMLC,
EVX,
FLTR,
FRAK,
GDX,
GDXJ,
GEX,
GNRX,
GRNB,
HAP,
HYD,
HYEM,
IDX,
IGEM,
IHY,
ISRA,
ITM,
KOL,
LFEQ,
MLN,
MOAT,
MOO,
MOTI,
NLR,
OIH,
OUNZ,
PEK,
PFXF,
PLND,
PPH,
PRB,
REMX,
RSX,
RSXJ,
RTH,
SCIF,
SHYD,
SLX,
SMB,
SMH,
SPUN,
VNM,
XMPT,
YMLI,
YMLP,
HEDJ,
DXJ,
DON,
DES,
DLN,
DEM,
EPI,
DLS,
DGRW,
DGS,
DHS,
DFE,
EZM,
DTN,
DWM,
DTD,
DFJ,
EES,
IHDG,
DDWM,
DOL,
DTH,
ELD,
DIM,
PUTW,
DOO,
AGGY,
WDTI,
GCC,
EUSC,
DXJS,
EPS,
USDU,
DXGE,
XMX,
DGRS,
DEW,
DRW,
DYLS,
EXT,
DGRE,
DNL,
HYZD,
CEW,
EMCB,
CXSE,
AXJL,
EZY,
EUDG,
CYB,
EMCG,
AUSE,
XSOE,
AGZD,
ALD,
BZF,
DXJF,
GSD,
DVEM,
AGND,
HYND,
GULF,
HGSD,
IQDG,
DXPS,
JHDG,
DDEZ,
DXUS,
EDOM,
EMSD,
DXJC,
WFHY,
DXJH,
SFHY,
DYB,
WFIG,
SHAG,
SFIG,
DDLS,
DXJR,
DHDG,
HDRW,
DDJP,
USMF,
WUSA,
USFR,
WEXP,
FDIS,
FSTA,
FENY,
FNCL,
FHLC,
FIDU,
FTEC,
FMAT,
FCOM,
FUTY,
FREL,
FDRR,
ONEQ,
FLTB,
FCOR,
FDVV,
FVAL,
FDMO,
FQAL,
FDLO,
FBND,
EDV,
BIV,
VGIT,
BLV,
VGLT,
VMBS,
BSV,
VGSH,
VTIP,
BND,
VCIT,
VCLT,
VCSH,
VTEB,
VIG,
VUG,
VYM,
VV,
MGC,
MGK,
MGV,
VOO,
VTI,
VTV,
VXF,
VO,
VOT,
VOE,
VB,
VBK,
VBR,
VWOB,
VEU,
VSS,
VEA,
VWO,
VGK,
VPL,
VNQI,
VIGI,
VYMI,
BNDX,
VXUS,
VT,
VCR,
VDC,
VDE,
VFH,
VHT,
VIS,
VGT,
VAW,
VNQ,
VOX,
VPU,
IVV,
EFA,
AGG,
IWM,
IJH,
IEFA,
IEMG,
IWD,
IWF,
LQD,
EEM,
IJR,
TIP,
HYG,
IVW,
IWB,
EWJ,
PFF,
DVY,
IWR,
EZU,
USMV,
IVE,
ITOT,
EMB,
MBB,
CSJ,
SHY,
IWS,
SCZ,
IAU,
IBB,
IWO,
IWN,
MUB,
IWP,
ACWI,
IWV,
IXUS,
EFAV,
CIU,
IEF,
IJK,
EWZ,
IEI,
TLT,
SHV,
HDV,
FLOT,
EFV,
IJJ,
GOVT,
SLV,
INDA,
IJS,
MTUM,
OEF,
IJT,
ITA,
IDV,
EWG,
AAXJ,
HEFA,
EEMV,
IYR,
EWY,
QUAL,
IYW,
EWT,
FXI,
ACWV,
SHYG,
EFG,
EPP,
IUSG,
IEV,
EWC,
NEAR,
ICF,
ACWX,
IUSV,
VLUE,
IEUR,
MCHI,
EWU,
DGRO,
ITB,
EUFN,
GVI,
IYH,
IYF,
EWH,
IGF,
IUSB,
HEZU,
IOO,
EWA,
IXJ,
IYG,
SUB,
XT,
IHI,
CRED,
ILF,
STIP,
IXN,
GSG,
IGM,
EWL,
IYJ,
SOXX,
REM,
HEWJ,
ISTB,
AOR,
INDY,
IYY,
IGV,
IYE,
EWW,
EWP,
JKD,
IGE,
IXC,
DSI,
IPAC,
IWY,
IYM,
AOM,
IWC,
IDEV,
JKE,
IYT,
IGOV,
CMF,
JKG,
CLY,
AOA,
LRGF,
EWI,
IDU,
IYC,
IAT,
EWQ,
HEWG,
FM,
ERUS,
AIA,
EWS,
KXI,
EMHY,
SLQD,
SUSA,
IFGL,
IAGG,
IHE,
EEMA,
IYK,
URTH,
REET,
IXG,
TLH,
ECH,
IBDM,
CRBN,
AOK,
IHF,
JKL,
EWD,
AGZ,
EWM,
EIDO,
IBDL,
EZA,
IBDK,
JKI,
HEEM,
IXP,
JKF,
IEO,
DVYE,
INTF,
THD,
REZ,
IYZ,
WOOD,
IBDN,
TUR,
ICVT,
EPOL,
IBDH,
IYLD,
MXI,
RING,
PICK,
LEMB,
BKF,
USRT,
NYF,
SMIN,
SCJ,
COMT,
EEMS,
IWX,
JKJ,
EXI,
IBDO,
CMBS,
JKH,
IBDQ,
IBMI,
EWO,
IBMH,
EPU,
ILTB,
GHYG,
IBMG,
RXI,
IEZ,
SIZE,
IAI,
EWN,
IEUS,
IAK,
IBDP,
EPHE,
TOK,
JXI,
IBMJ,
IBMK,
ESGE,
GBF,
WPS,
ICSH,
ENZL,
FIBR,
JKK,
HYGH,
ESGD,
EUSA,
ICLN,
GNMA,
IVLU,
QLTA,
IWL,
IBDC,
IBDB,
IPFF,
JPXN,
HYXU,
EMGF,
IBCD,
EIS,
HAWX,
IBDD,
CEMB,
EWZS,
ISHG,
IBDR,
LQDH,
IBCC,
SMLF,
EWK,
EIRL,
IMTM,
USHY,
EDEN,
EWGS,
MEAR,
SLVP,
IGRO,
QAT,
EFNL,
IGN,
AGT,
IBCE,
EMIF,
UAE,
ENOR,
DVYA,
IFEU,
BYLD,
EUMV,
IQLT,
IMTB,
JPMV,
FILL,
EWUS,
VEGI,
IBML,
ACWF,
MPCT,
TFLO,
ISCF,
ECNS,
ICOL,
HEWP,
HEFV,
FALN,
HCRF,
ESGU,
CLYH,
CMDT,
HEWU,
KSA,
SMMV,
IBDS,
CNYA,
EMXC,
HYXE,
LLQD,
SUSC,
HYDB,
IGEB,
SUSB,
MLQD,
HSCZ,
HEMV,
AXJV,
TCHF,
ISZE,
FNCF,
HEWL,
HEWC,
HEWI,
MATF,
DEWJ,
HACW,
SMMD,
EMBH,
HEUV,
INDF,
CNDF,
HJPX,
HACV,
HEUS,
DEZU,
DEFA,
UTLF,
ERGF,
AMCA,
CNSF,
DIVB,
HEWW,
HEWY,
HHYX,
HAUD
